{"ntString": {"str.++": 0.22575516693163752, "str.replace": 0.0397456279809221, "str.at": 0.022257551669316374, "int.to.str": 0.003179650238473768, "ite": 0.017488076311605722, "str.substr": 0.0794912559618442, "literal": 0.2893481717011129, "input": 0.32273449920508746}, "ntInt": {"+": 0.07777777777777778, "-": 0.05555555555555555, "str.len": 0.10555555555555556, "str.to.int": 0.016666666666666666, "ite": 0.005555555555555556, "str.indexof": 0.11666666666666667, "literal": 0.6166666666666667, "input": 0.005555555555555556}, "ntBool": {"=": 0.058823529411764705, "str.prefixof": 0.23529411764705882, "str.suffixof": 0.5294117647058824, "str.contains": 0.058823529411764705, "true": 0.058823529411764705, "false": 0.058823529411764705}, "total_counts": 826}